{
    "mpp": {
        "title": "Matias Ponce - La Película",
        "createdBy": "Matías Ponce",
        "fullcast": "Matías Ponce, Santino Ponce, Indio Ponce, Antonella Ponce, Valeria Volpi, Julieta",
        "fullscript": "Matías Ponce",
        "fullgenres": "Humor, humor absurdo, hackers, fama, grandes élites, paranoia, haters, YouTube",
        "fulltitletype": "Original, delirante",
        "fullage": "12+ adolescentes, adultos, lenguaje inapropiado, deliranteㅤApta para mayores de 12 años",
        "url": "https://movies.solargentinotv.com.ar/matiponcepeli"
    },
    "cp1": {
        "title": "100% Lucha - La Película",
        "createdBy": "Eduardo Husni",
        "fullcast": "María Fernanda Neil, Carlos Kaspar, Norberto Adrián Fernandez, Marcelo Benítez, Miguel Ángel Wellington, Rubén Piuselli, Daniel Garcilazo, Paulo Giardina, Gabriel Emanuelli, Leonardo Montero, Eduardo Husni, Osvaldo Principi, Julio Mario Sibara 'Turco Naím', Gonzalo Nenna, Axel Kuschevatzky, Alejandro 'Marley' Wiebe, Mario Pergolini",
        "fullscript": "CineAR, INCAA",
        "fullgenres": "Humor, Lucha Libre, Acción, Rivalidades, Secuestros, Competencias",
        "fulltitletype": "Intenso, Delirante, Divertido, Emocionante, Exagerado",
        "fullage": "12+ lenguaje inapropiado, violencia, humor absurdoㅤApta para mayores de 16 años",
        "url": "https://movies.solargentinotv.com.ar/100lucha"
    },
    "cpeadc": {
        "title": "100% Lucha - El Amo De Los Clones",
        "createdBy": "Eduardo Husni",
        "fullcast": "Pablo Rago, Roberto Carnaghi, Juan Pablo Varsky, Leo Montero, Norberto Adrián Fernández, Delfina Gerez Bosco, La Masa, Osvaldo Príncipi, Berta Muñiz, Eduardo Husni, Natalia Kim, Daniel Casablanca, Walter Cornás, Rocío Rodríguez Presedo, Esteban Rojas, Dallys Ferreyra Enciso, Julia Lenzberg",
        "fullscript": "CineAR, INCAA",
        "fullgenres": "Humor, Lucha Libre, Sci-Fi, Clonación, Rivalidades, Venganza",
        "fulltitletype": "Intenso, Delirante, Divertido, Ingenioso, Excéntrico",
        "fullage": "12+ lenguaje inapropiado, violencia, humor absurdoㅤApta para mayores de 16 años",
        "url": "https://movies.solargentinotv.com.ar/100luchaeadc"
    },
    "mpa": {
        "title": "Mi Pobre Angelito",
        "createdBy": "Chris Columbus",
        "fullscript": "John Hughes",
        "fullcast": "Macaulay Culkin, Joe Pesci, Daniel Stern, Catherine O'Hara, John Heard, Kieran Culkin, Devin Ratray, John Candy, Roberts Blossom, Angela Goethals, Gerry Bamman, Hillary Wolf, Larry Hankin, Hope Davis, Senta Moses, Diana Rein, Jedidiah Cohen, Ralph Foody, Terrie Snell, Kristin Minter, Anna Slotky, Jeffrey Wiseman, Ann Whitney, Ken Hudson Campbell, Billie Bird, Michael Guido, Peter Siragusa, Jim Ortlieb, Ray Toler, Matt Doherty, Mark Beltzman, Alan Wilder, Ally Sheedy",
        "fullgenres": "Infantil, Comedia, Aventuras, Fiestas navideñas",
        "fulltitletype": "Divertido, Familiar, Emotivo",
        "fullage": "7+ humor slapstick, situaciones de riesgo cómicasㅤApta para todo público",
        "url": "https://movies.solargentinotv.com.ar/homealone"
    },
    "mpa2": {
        "title": "Mi Pobre Angelito 2: Perdido en Nueva York",
        "createdBy": "Chris Columbus",
        "fullscript": "John Hughes",
        "fullcast": "Macaulay Culkin, Joe Pesci, John Heard, Tim Curry, Devin Ratray, Catherine O'Hara, Rob Schneider, Kieran Culkin, Dana Ivey, Eddie Bracken, Ally Sheedy, Brenda Fricker, Leigh Zimmerman, Anna Slotky, Hillary Wolf, Clarke Devereux, Terrie Snell, Fred Krause, James Cole, Jedidiah Cohen, Rod Sell, Clare Hoak, Gerry Bamman, Monica Devereux, Eleanor Columbus, Fran McGee, Mark Morettini, Ralph Foody, Jimmie Walker, Rip Taylor, Karen Giordano, Ron Canada, Senta Moses, Cedric Young, Michael C. Maronna, Venessia Valentino, Mario Todisco, Joe Liss, Abdoulaye N'Gom, Donald Trump, Diana Rein, Bob Eubanks, Frank Oz",
        "fullgenres": "Infantil, Comedia, Aventuras, Fiestas navideñas",
        "fulltitletype": "Divertido, Familiar, Emotivo",
        "fullage": "7+ humor slapstick, situaciones de riesgo cómicasㅤApta para todo público",
        "url": "https://movies.solargentinotv.com.ar/homealone2"
    },
    "app": {
        "title": "Asesinato Para Principiantes",
        "createdBy": "Poppy Cogan",
        "fullscript": "Poppy Cogan, Ruby Thomas, Zia Ahmed, Ajoke Ibironke",
        "fullcast": "Emma Myers, Zain Iqbal, Asha Banks, Raiko Gohara, Jude Morgan-Collie, Yali Topol Margalith, Yasmin Al-Khudhairi, Henry Ashton, Carla Woodcock, Mathew Baynton, Gary Beadle, Anna Maxwell Martin",
        "fullgenres": "Series dramáticas, De Gran Bretaña, Series basadas en libros, Series de adolescentes, Series de misterio",
        "fulltitletype": "Íntimo, Sombrío, De suspenso",
        "fullage": "16+ lenguaje inapropiado, drogas, violencia sexualㅤApta para mayores de 16 años",
        "url": "https://movies.solargentinotv.com.ar/asesinatoparaprincipiantes"
    },
    "reite": {
        "title": "Reite666",
        "createdBy": "Franco Crivera",
        "fullscript": "Franco Crivera, Andrés Ilopo Bollero",
        "fullcast": "Franco Crivera, Julián Iurchuk, Facundo Duré, Roger Cascón Segura, Andrés Ilopo Bollero, Laura Guerra, Marta Guerra",
        "fullgenres": "De España, Thriller psicológico, Youtubers, Aventura, Paranormal, Suspenso, Misterio, Terror urbano",
        "fulltitletype": "Misterioso, Perturbador, Inquietante",
        "fullage": "16+ lenguaje inapropiadoㅤApta para mayores de 16 años",
        "url": "https://movies.solargentinotv.com.ar/reite666"
    },
    "nivelx": {
        "title": "Nivel X",
        "createdBy": "Juan Arnone",
        "fullscript": "Juan Arnone, Juan Manuel Paradiso, Sebastián Paradiso",
        "fullcast": "Juan Manuel Paradiso, Juan Arnone, Sebastián Paradiso, Gustavo Fernández, Nico Bianchi, Thaiel Calzada Guirao, Julian Crudo, Lucas Nievas, Franco Colombo",
        "fullgenres": "Parodia, Comedia, Infantil, Irreverente",
        "fulltitletype": "Absurdo, Divertido, Caótico",
        "fullage": "16+ humor irreverente, leguaje vulgar, contenido sexual no gráficoㅤApta para mayores de 16 años",
        "url": "https://movies.solargentinotv.com.ar/nivelx-maritokids"
    },
    "f2fnh": {
        "title": "Fears To Fathomvv: Norwood Hitchhike",
        "createdBy": "Rayll",
        "director": "Kei",
        "fullscript": "Kei",
        "fullcast": "Aryanna Ontiveros, Ben Eisenbise, Augie Fojtik, Tochtli Sanchez, Patrick Shen, Michael Anthony Rawlins",
        "fullgenres": "Suspenso, Misterio, Thriller",
        "fulltitletype": "Intenso, Misterioso, Impactante",
        "fullage": "13+ violencia moderada, temas inquietantesㅤApta para mayores de 17 años",
        "url": "https://movies.solargentinotv.com.ar/f2fnh"
    }
}