{
    "movies": {
        "matias-ponce-2022": {
            "src": "https://cdn.jsdelivr.net/gh/satv2025/media@main/videos/mpp/mp/MATIAS%20PONCE%20%20LA%20PEL%C3%8DCULA.m3u8"
        },
        "fears-to-fathom-norwood-2025": {
            "src": "https://cdn.jsdelivr.net/gh/satv2025/media@main/videos/f2f/norwood-hitchhike/m3u8/nh/nh.m3u8"
        },
        "mi-pobre-angelito-2-1992": {
            "src": "https://cdn.jsdelivr.net/gh/satv2025/media@main/videos/mpa/mpa2/Mi_Pobre_Angelito_2.m3u8"
        },
        "mi-pobre-angelito-1990": {
            "src": "https://cdn.jsdelivr.net/gh/satv2025/media@main/videos/mpa/mpa1/m3u8/HomeAlone1.m3u8"
        },
        "100-lucha-2008": {
            "src": "https://cdn.jsdelivr.net/gh/satv2025/media@main/videos/cpcl/koshep/100-Lucha-La-Pel%C3%ADcula.m3u8"
        },
        "100-lucha-clones-2009": {
            "src": "https://cdn.jsdelivr.net/gh/satv2025/media@main/videos/cpcl/damianc/100Lucha%20El%20Amo%20de%20los%20Clones.m3u8"
        }
    },
    "series": {
        "asesinato-para-principiantes-2024": {
            "seasons": {
                "1": [
                    {
                        "episode": 1,
                        "title": "T1E1",
                        "src": "https://cdn.jsdelivr.net/gh/satv2025/media@main/videos/app/e1/Asesinato%20Para%20Principiantes%20-%20T1%20E1.m3u8",
                        "vtt": "https://movies.solargentinotv.com.ar/assets/media/app-episode-thumbnails/t1/e1/thumbs.vtt"
                    },
                    {
                        "episode": 2,
                        "title": "T1E2",
                        "src": "https://cdn.jsdelivr.net/gh/satv2025/media@main/videos/app/e2/Asesinato-Para-Principiantes-T1-E2.m3u8",
                        "vtt": "https://movies.solargentinotv.com.ar/assets/media/app-episode-thumbnails/t1/e2/thumbs.vtt"
                    },
                    {
                        "episode": 3,
                        "title": "T1E3",
                        "src": "https://cdn.jsdelivr.net/gh/satv2025/media@main/videos/app/e3/Asesinato-Para-Principiantes-T1-E3.m3u8",
                        "vtt": "https://movies.solargentinotv.com.ar/assets/media/app-episode-thumbnails/t1/e3/thumbs.vtt"
                    },
                    {
                        "episode": 4,
                        "title": "T1E4",
                        "src": "https://cdn.jsdelivr.net/gh/satv2025/media@main/videos/app/e4/Asesinato-Para-Principiantes-T1-E4.m3u8",
                        "vtt": "https://movies.solargentinotv.com.ar/assets/media/app-episode-thumbnails/t1/e4/thumbs.vtt"
                    },
                    {
                        "episode": 5,
                        "title": "T1E5",
                        "src": "https://cdn.jsdelivr.net/gh/satv2025/media@main/videos/app/e5/Asesinato-Para-Principiantes-T1-E5.m3u8",
                        "vtt": "https://movies.solargentinotv.com.ar/assets/media/app-episode-thumbnails/t1/e5/thumbs.vtt"
                    },
                    {
                        "episode": 6,
                        "title": "T1E6",
                        "src": "https://cdn.jsdelivr.net/gh/satv2025/media@main/videos/app/e6/Asesinato-Para-Principiantes-T1-E6.m3u8",
                        "vtt": "https://movies.solargentinotv.com.ar/assets/media/app-episode-thumbnails/t1/e6/thumbs.vtt"
                    }
                ]
            }
        },
        "nivel-x-2009": {
            "seasons": {
                "1": [
                    {
                        "episode": 1,
                        "title": "T1E1",
                        "src": "https://cdn.jsdelivr.net/gh/satv2025/media@main/videos/nivelx-maritokids/t1/E1/playlist.m3u8"
                    },
                    {
                        "episode": 2,
                        "title": "T1E2",
                        "src": "https://cdn.jsdelivr.net/gh/satv2025/media@main/videos/nivelx-maritokids/t1/E2/playlist.m3u8"
                    },
                    {
                        "episode": 3,
                        "title": "T1E3",
                        "src": "https://cdn.jsdelivr.net/gh/satv2025/media@main/videos/nivelx-maritokids/t1/E3/playlist.m3u8"
                    },
                    {
                        "episode": 4,
                        "title": "T1E4",
                        "src": "https://cdn.jsdelivr.net/gh/satv2025/media@main/videos/nivelx-maritokids/t1/E4/playlist.m3u8"
                    },
                    {
                        "episode": 5,
                        "title": "T1E5",
                        "src": "https://cdn.jsdelivr.net/gh/satv2025/media@main/videos/nivelx-maritokids/t1/E5/playlist.m3u8"
                    },
                    {
                        "episode": 6,
                        "title": "T1E6",
                        "src": "https://cdn.jsdelivr.net/gh/satv2025/media@main/videos/nivelx-maritokids/t1/E6/playlist.m3u8"
                    },
                    {
                        "episode": 7,
                        "title": "T1E7",
                        "src": "https://cdn.jsdelivr.net/gh/satv2025/media@main/videos/nivelx-maritokids/t1/E7/playlist.m3u8"
                    },
                    {
                        "episode": 8,
                        "title": "T1E8",
                        "src": "https://cdn.jsdelivr.net/gh/satv2025/media@main/videos/nivelx-maritokids/t1/E8/playlist.m3u8"
                    },
                    {
                        "episode": 9,
                        "title": "T1E9",
                        "src": "https://cdn.jsdelivr.net/gh/satv2025/media@main/videos/nivelx-maritokids/t1/E9/playlist.m3u8"
                    },
                    {
                        "episode": 10,
                        "title": "T1E10",
                        "src": "https://cdn.jsdelivr.net/gh/satv2025/media@main/videos/nivelx-maritokids/t1/E10/playlist.m3u8"
                    },
                    {
                        "episode": 11,
                        "title": "T1E11",
                        "src": "https://cdn.jsdelivr.net/gh/satv2025/media@main/videos/nivelx-maritokids/t1/E11/playlist.m3u8"
                    },
                    {
                        "episode": 12,
                        "title": "T1E12",
                        "src": "https://cdn.jsdelivr.net/gh/satv2025/media@main/videos/nivelx-maritokids/t1/E12/playlist.m3u8"
                    },
                    {
                        "episode": 13,
                        "title": "T1E13",
                        "src": "https://cdn.jsdelivr.net/gh/satv2025/media@main/videos/nivelx-maritokids/t1/E13/playlist.m3u8"
                    },
                    {
                        "episode": 14,
                        "title": "T1E14",
                        "src": "https://cdn.jsdelivr.net/gh/satv2025/media@main/videos/nivelx-maritokids/t1/E14/playlist.m3u8"
                    },
                    {
                        "episode": 15,
                        "title": "T1E15",
                        "src": "https://cdn.jsdelivr.net/gh/satv2025/media@main/videos/nivelx-maritokids/t1/E15/playlist.m3u8"
                    },
                    {
                        "episode": 16,
                        "title": "T1E16",
                        "src": "https://cdn.jsdelivr.net/gh/satv2025/media@main/videos/nivelx-maritokids/t1/E16/playlist.m3u8"
                    },
                    {
                        "episode": 17,
                        "title": "T1E17",
                        "src": "https://cdn.jsdelivr.net/gh/satv2025/media@main/videos/nivelx-maritokids/t1/E17/playlist.m3u8"
                    },
                    {
                        "episode": 18,
                        "title": "T1E18",
                        "src": "https://cdn.jsdelivr.net/gh/satv2025/media@main/videos/nivelx-maritokids/t1/E18/playlist.m3u8"
                    },
                    {
                        "episode": 19,
                        "title": "T1E19",
                        "src": "https://cdn.jsdelivr.net/gh/satv2025/media@main/videos/nivelx-maritokids/t1/E19/playlist.m3u8"
                    },
                    {
                        "episode": 20,
                        "title": "T1E20",
                        "src": "https://cdn.jsdelivr.net/gh/satv2025/media@main/videos/nivelx-maritokids/t1/E20/playlist.m3u8"
                    },
                    {
                        "episode": 21,
                        "title": "T1E21",
                        "src": "https://cdn.jsdelivr.net/gh/satv2025/media@main/videos/nivelx-maritokids/t1/E21/playlist.m3u8"
                    },
                    {
                        "episode": 22,
                        "title": "T1E22",
                        "src": "https://cdn.jsdelivr.net/gh/satv2025/media@main/videos/nivelx-maritokids/t1/E22/playlist.m3u8"
                    },
                    {
                        "episode": 23,
                        "title": "T1E23",
                        "src": "https://cdn.jsdelivr.net/gh/satv2025/media@main/videos/nivelx-maritokids/t1/E23/playlist.m3u8"
                    },
                    {
                        "episode": 24,
                        "title": "T1E24",
                        "src": "https://cdn.jsdelivr.net/gh/satv2025/media@main/videos/nivelx-maritokids/t1/E24/playlist.m3u8"
                    },
                    {
                        "episode": 25,
                        "title": "T1E25",
                        "src": "https://cdn.jsdelivr.net/gh/satv2025/media@main/videos/nivelx-maritokids/t1/E25/playlist.m3u8"
                    },
                    {
                        "episode": 26,
                        "title": "T1E26",
                        "src": "https://cdn.jsdelivr.net/gh/satv2025/media@main/videos/nivelx-maritokids/t1/E26/playlist.m3u8"
                    },
                    {
                        "episode": 27,
                        "title": "T1E27",
                        "src": "https://cdn.jsdelivr.net/gh/satv2025/media@main/videos/nivelx-maritokids/t1/E27/playlist.m3u8"
                    },
                    {
                        "episode": 28,
                        "title": "T1E28",
                        "src": "https://cdn.jsdelivr.net/gh/satv2025/media@main/videos/nivelx-maritokids/t1/E28/playlist.m3u8"
                    },
                    {
                        "episode": 29,
                        "title": "T1E29",
                        "src": "https://cdn.jsdelivr.net/gh/satv2025/media@main/videos/nivelx-maritokids/t1/E29/playlist.m3u8"
                    }
                ],
                "2": [
                    {
                        "episode": 1,
                        "title": "T2E1",
                        "src": "https://cdn.jsdelivr.net/gh/satv2025/media@main/videos/nivelx-maritokids/t2/E1/playlist.m3u8"
                    },
                    {
                        "episode": 2,
                        "title": "T2E2",
                        "src": "https://cdn.jsdelivr.net/gh/satv2025/media@main/videos/nivelx-maritokids/t2/E2/playlist.m3u8"
                    },
                    {
                        "episode": 3,
                        "title": "T2E3",
                        "src": "https://cdn.jsdelivr.net/gh/satv2025/media@main/videos/nivelx-maritokids/t2/E3/playlist.m3u8"
                    }
                ]
            }
        },
        "reite666-2018": {
            "seasons": {
                "1": [
                    {
                        "episode": 1,
                        "title": "T1E1",
                        "src": "https://cdn.jsdelivr.net/gh/satv2025/media@main/videos/reite666/t1/e1/playlist.m3u8"
                    },
                    {
                        "episode": 2,
                        "title": "T1E2",
                        "src": "https://cdn.jsdelivr.net/gh/satv2025/media@main/videos/reite666/t1/e2/playlist.m3u8"
                    },
                    {
                        "episode": 3,
                        "title": "T1E3",
                        "src": "https://cdn.jsdelivr.net/gh/satv2025/media@main/videos/reite666/t1/e3/playlist.m3u8"
                    },
                    {
                        "episode": 4,
                        "title": "T1E4",
                        "src": "https://cdn.jsdelivr.net/gh/satv2025/media@main/videos/reite666/t1/e4/playlist.m3u8"
                    },
                    {
                        "episode": 5,
                        "title": "T1E5",
                        "src": "https://cdn.jsdelivr.net/gh/satv2025/media@main/videos/reite666/t1/e5/playlist.m3u8"
                    },
                    {
                        "episode": 6,
                        "title": "T1E6",
                        "src": "https://cdn.jsdelivr.net/gh/satv2025/media@main/videos/reite666/t1/e6/playlist.m3u8"
                    },
                    {
                        "episode": 7,
                        "title": "T1E7",
                        "src": "https://cdn.jsdelivr.net/gh/satv2025/media@main/videos/reite666/t1/e7/playlist.m3u8"
                    },
                    {
                        "episode": 8,
                        "title": "T1E8",
                        "src": "https://cdn.jsdelivr.net/gh/satv2025/media@main/videos/reite666/t1/e8/playlist.m3u8"
                    },
                    {
                        "episode": 9,
                        "title": "T1E9",
                        "src": "https://cdn.jsdelivr.net/gh/satv2025/media@main/videos/reite666/t1/e9/playlist.m3u8"
                    },
                    {
                        "episode": 10,
                        "title": "T1E10",
                        "src": "https://cdn.jsdelivr.net/gh/satv2025/media@main/videos/reite666/t1/e10/playlist.m3u8"
                    },
                    {
                        "episode": 11,
                        "title": "T1E11",
                        "src": "https://cdn.jsdelivr.net/gh/satv2025/media@main/videos/reite666/t1/e11/playlist.m3u8"
                    },
                    {
                        "episode": 12,
                        "title": "T1E12",
                        "src": "https://cdn.jsdelivr.net/gh/satv2025/media@main/videos/reite666/t1/e12/playlist.m3u8"
                    },
                    {
                        "episode": 13,
                        "title": "T1E13",
                        "src": "https://cdn.jsdelivr.net/gh/satv2025/media@main/videos/reite666/t1/e13/playlist.m3u8"
                    },
                    {
                        "episode": 14,
                        "title": "T1E14",
                        "src": "https://cdn.jsdelivr.net/gh/satv2025/media@main/videos/reite666/t1/e14/playlist.m3u8"
                    },
                    {
                        "episode": 15,
                        "title": "T1E15",
                        "src": "https://cdn.jsdelivr.net/gh/satv2025/media@main/videos/reite666/t1/e15/playlist.m3u8"
                    },
                    {
                        "episode": 16,
                        "title": "T1E16",
                        "src": "https://cdn.jsdelivr.net/gh/satv2025/media@main/videos/reite666/t1/e16/playlist.m3u8"
                    },
                    {
                        "episode": 17,
                        "title": "T1E17",
                        "src": "https://cdn.jsdelivr.net/gh/satv2025/media@main/videos/reite666/t1/e17/playlist.m3u8"
                    },
                    {
                        "episode": 18,
                        "title": "T1E18",
                        "src": "https://cdn.jsdelivr.net/gh/satv2025/media@main/videos/reite666/t1/e18/playlist.m3u8"
                    },
                    {
                        "episode": 19,
                        "title": "T1E19",
                        "src": "https://cdn.jsdelivr.net/gh/satv2025/media@main/videos/reite666/t1/e19/playlist.m3u8"
                    },
                    {
                        "episode": 20,
                        "title": "T1E20",
                        "src": "https://cdn.jsdelivr.net/gh/satv2025/media@main/videos/reite666/t1/e20/playlist.m3u8"
                    }
                ],
                "2": [
                    {
                        "episode": 1,
                        "title": "T2E1",
                        "src": "https://cdn.jsdelivr.net/gh/satv2025/media@main/videos/reite666/t2/e1/playlist.m3u8"
                    },
                    {
                        "episode": 2,
                        "title": "T2E2",
                        "src": "https://cdn.jsdelivr.net/gh/satv2025/media@main/videos/reite666/t2/e2/playlist.m3u8"
                    },
                    {
                        "episode": 3,
                        "title": "T2E3",
                        "src": "https://cdn.jsdelivr.net/gh/satv2025/media@main/videos/reite666/t2/e3/playlist.m3u8"
                    },
                    {
                        "episode": 4,
                        "title": "T2E4",
                        "src": "https://cdn.jsdelivr.net/gh/satv2025/media@main/videos/reite666/t2/e4/playlist.m3u8"
                    },
                    {
                        "episode": 5,
                        "title": "T2E5",
                        "src": "https://cdn.jsdelivr.net/gh/satv2025/media@main/videos/reite666/t2/e5/playlist.m3u8"
                    },
                    {
                        "episode": 6,
                        "title": "T2E6",
                        "src": "https://cdn.jsdelivr.net/gh/satv2025/media@main/videos/reite666/t2/e6/playlist.m3u8"
                    },
                    {
                        "episode": 7,
                        "title": "T2E7",
                        "src": "https://cdn.jsdelivr.net/gh/satv2025/media@main/videos/reite666/t2/e7/playlist.m3u8"
                    },
                    {
                        "episode": 8,
                        "title": "T2E8",
                        "src": "https://cdn.jsdelivr.net/gh/satv2025/media@main/videos/reite666/t2/e8/playlist.m3u8"
                    },
                    {
                        "episode": 9,
                        "title": "T2E9",
                        "src": "https://cdn.jsdelivr.net/gh/satv2025/media@main/videos/reite666/t2/e9/playlist.m3u8"
                    },
                    {
                        "episode": 10,
                        "title": "T2E10",
                        "src": "https://cdn.jsdelivr.net/gh/satv2025/media@main/videos/reite666/t2/e10/playlist.m3u8"
                    },
                    {
                        "episode": 11,
                        "title": "T2E11",
                        "src": "https://cdn.jsdelivr.net/gh/satv2025/media@main/videos/reite666/t2/e11/playlist.m3u8"
                    },
                    {
                        "episode": 12,
                        "title": "T2E12",
                        "src": "https://cdn.jsdelivr.net/gh/satv2025/media@main/videos/reite666/t2/e12/playlist.m3u8"
                    },
                    {
                        "episode": 13,
                        "title": "T2E13",
                        "src": "https://cdn.jsdelivr.net/gh/satv2025/media@main/videos/reite666/t2/e13/playlist.m3u8"
                    },
                    {
                        "episode": 14,
                        "title": "T2E14",
                        "src": "https://cdn.jsdelivr.net/gh/satv2025/media@main/videos/reite666/t2/e14/playlist.m3u8"
                    },
                    {
                        "episode": 15,
                        "title": "T2E15",
                        "src": "https://cdn.jsdelivr.net/gh/satv2025/media@main/videos/reite666/t2/e15/playlist.m3u8"
                    },
                    {
                        "episode": 16,
                        "title": "T2E16",
                        "src": "https://cdn.jsdelivr.net/gh/satv2025/media@main/videos/reite666/t2/e16/playlist.m3u8"
                    },
                    {
                        "episode": 17,
                        "title": "T2E17",
                        "src": "https://cdn.jsdelivr.net/gh/satv2025/media@main/videos/reite666/t2/e17/playlist.m3u8"
                    },
                    {
                        "episode": 18,
                        "title": "T2E18",
                        "src": "https://cdn.jsdelivr.net/gh/satv2025/media@main/videos/reite666/t2/e18/playlist.m3u8"
                    },
                    {
                        "episode": 19,
                        "title": "T2E19",
                        "src": "https://cdn.jsdelivr.net/gh/satv2025/media@main/videos/reite666/t2/e19/playlist.m3u8"
                    },
                    {
                        "episode": 20,
                        "title": "T2E20",
                        "src": "https://cdn.jsdelivr.net/gh/satv2025/media@main/videos/reite666/t2/e20/playlist.m3u8"
                    },
                    {
                        "episode": 21,
                        "title": "T2E21",
                        "src": "https://cdn.jsdelivr.net/gh/satv2025/media@main/videos/reite666/t2/e21/playlist.m3u8"
                    },
                    {
                        "episode": 22,
                        "title": "T2E22",
                        "src": "https://cdn.jsdelivr.net/gh/satv2025/media@main/videos/reite666/t2/e22/playlist.m3u8"
                    },
                    {
                        "episode": 23,
                        "title": "T2E23",
                        "src": "https://cdn.jsdelivr.net/gh/satv2025/media@main/videos/reite666/t2/e23/playlist.m3u8"
                    },
                    {
                        "episode": 24,
                        "title": "T2E24",
                        "src": "https://cdn.jsdelivr.net/gh/satv2025/media@main/videos/reite666/t2/e24/playlist.m3u8"
                    },
                    {
                        "episode": 25,
                        "title": "T2E25",
                        "src": "https://cdn.jsdelivr.net/gh/satv2025/media@main/videos/reite666/t2/e25/playlist.m3u8"
                    }
                ]
            }
        }
    }
}