{
    "reite": {
        "id": "reite",
        "seasons": [
            {
                "id": "1",
                "name": "Temporada 1",
                "episodes": [
                    {
                        "number": 1,
                        "title": "Episodio 1",
                        "vtt": "https://movies.solargentinotv.com.ar/assets/media/reite666-episode-plyr-thumbnails/t1/e1/thumbs.vtt"
                    },
                    {
                        "number": 2,
                        "title": "Episodio 2",
                        "vtt": "https://movies.solargentinotv.com.ar/assets/media/reite666-episode-plyr-thumbnails/t1/e2/thumbs.vtt"
                    },
                    {
                        "number": 3,
                        "title": "Episodio 3",
                        "vtt": "https://movies.solargentinotv.com.ar/assets/media/reite666-episode-plyr-thumbnails/t1/e3/thumbs.vtt"
                    },
                    {
                        "number": 4,
                        "title": "Episodio 4",
                        "vtt": "https://movies.solargentinotv.com.ar/assets/media/reite666-episode-plyr-thumbnails/t1/e4/thumbs.vtt"
                    },
                    {
                        "number": 5,
                        "title": "Episodio 5",
                        "vtt": "https://movies.solargentinotv.com.ar/assets/media/reite666-episode-plyr-thumbnails/t1/e5/thumbs.vtt"
                    },
                    {
                        "number": 6,
                        "title": "Episodio 6",
                        "vtt": "https://movies.solargentinotv.com.ar/assets/media/reite666-episode-plyr-thumbnails/t1/e6/thumbs.vtt"
                    },
                    {
                        "number": 7,
                        "title": "Episodio 7",
                        "vtt": "https://movies.solargentinotv.com.ar/assets/media/reite666-episode-plyr-thumbnails/t1/e7/thumbs.vtt"
                    },
                    {
                        "number": 8,
                        "title": "Episodio 8",
                        "vtt": "https://movies.solargentinotv.com.ar/assets/media/reite666-episode-plyr-thumbnails/t1/e8/thumbs.vtt"
                    },
                    {
                        "number": 9,
                        "title": "Episodio 9",
                        "vtt": "https://movies.solargentinotv.com.ar/assets/media/reite666-episode-plyr-thumbnails/t1/e9/thumbs.vtt"
                    },
                    {
                        "number": 10,
                        "title": "Episodio 10",
                        "vtt": "https://movies.solargentinotv.com.ar/assets/media/reite666-episode-plyr-thumbnails/t1/e10/thumbs.vtt"
                    },
                    {
                        "number": 11,
                        "title": "Episodio 11",
                        "vtt": "https://movies.solargentinotv.com.ar/assets/media/reite666-episode-plyr-thumbnails/t1/e11/thumbs.vtt"
                    },
                    {
                        "number": 12,
                        "title": "Episodio 12",
                        "vtt": "https://movies.solargentinotv.com.ar/assets/media/reite666-episode-plyr-thumbnails/t1/e12/thumbs.vtt"
                    },
                    {
                        "number": 13,
                        "title": "Episodio 13",
                        "vtt": "https://movies.solargentinotv.com.ar/assets/media/reite666-episode-plyr-thumbnails/t1/e13/thumbs.vtt"
                    },
                    {
                        "number": 14,
                        "title": "Episodio 14",
                        "vtt": "https://movies.solargentinotv.com.ar/assets/media/reite666-episode-plyr-thumbnails/t1/e14/thumbs.vtt"
                    },
                    {
                        "number": 15,
                        "title": "Episodio 15",
                        "vtt": "https://movies.solargentinotv.com.ar/assets/media/reite666-episode-plyr-thumbnails/t1/e15/thumbs.vtt"
                    },
                    {
                        "number": 16,
                        "title": "Episodio 16",
                        "vtt": "https://movies.solargentinotv.com.ar/assets/media/reite666-episode-plyr-thumbnails/t1/e16/thumbs.vtt"
                    },
                    {
                        "number": 17,
                        "title": "Episodio 17",
                        "vtt": "https://movies.solargentinotv.com.ar/assets/media/reite666-episode-plyr-thumbnails/t1/e17/thumbs.vtt"
                    },
                    {
                        "number": 18,
                        "title": "Episodio 18",
                        "vtt": "https://movies.solargentinotv.com.ar/assets/media/reite666-episode-plyr-thumbnails/t1/e18/thumbs.vtt"
                    },
                    {
                        "number": 19,
                        "title": "Episodio 19",
                        "vtt": "https://movies.solargentinotv.com.ar/assets/media/reite666-episode-plyr-thumbnails/t1/e19/thumbs.vtt"
                    },
                    {
                        "number": 20,
                        "title": "Episodio 20",
                        "vtt": "https://movies.solargentinotv.com.ar/assets/media/reite666-episode-plyr-thumbnails/t1/e20/thumbs.vtt"
                    }
                ]
            },
            {
                "id": "2",
                "name": "Temporada 2",
                "episodes": [
                    {
                        "number": 1,
                        "title": "Episodio 1",
                        "vtt": "https://movies.solargentinotv.com.ar/assets/media/reite666-episode-plyr-thumbnails/t2/e1/thumbs.vtt"
                    },
                    {
                        "number": 2,
                        "title": "Episodio 2",
                        "vtt": "https://movies.solargentinotv.com.ar/assets/media/reite666-episode-plyr-thumbnails/t2/e2/thumbs.vtt"
                    },
                    {
                        "number": 3,
                        "title": "Episodio 3",
                        "vtt": "https://movies.solargentinotv.com.ar/assets/media/reite666-episode-plyr-thumbnails/t2/e3/thumbs.vtt"
                    },
                    {
                        "number": 4,
                        "title": "Episodio 4",
                        "vtt": "https://movies.solargentinotv.com.ar/assets/media/reite666-episode-plyr-thumbnails/t2/e4/thumbs.vtt"
                    },
                    {
                        "number": 5,
                        "title": "Episodio 5",
                        "vtt": "https://movies.solargentinotv.com.ar/assets/media/reite666-episode-plyr-thumbnails/t2/e5/thumbs.vtt"
                    },
                    {
                        "number": 6,
                        "title": "Episodio 6",
                        "vtt": "https://movies.solargentinotv.com.ar/assets/media/reite666-episode-plyr-thumbnails/t2/e6/thumbs.vtt"
                    },
                    {
                        "number": 7,
                        "title": "Episodio 7",
                        "vtt": "https://movies.solargentinotv.com.ar/assets/media/reite666-episode-plyr-thumbnails/t2/e7/thumbs.vtt"
                    },
                    {
                        "number": 8,
                        "title": "Episodio 8",
                        "vtt": "https://movies.solargentinotv.com.ar/assets/media/reite666-episode-plyr-thumbnails/t2/e8/thumbs.vtt"
                    },
                    {
                        "number": 9,
                        "title": "Episodio 9",
                        "vtt": "https://movies.solargentinotv.com.ar/assets/media/reite666-episode-plyr-thumbnails/t2/e9/thumbs.vtt"
                    },
                    {
                        "number": 10,
                        "title": "Episodio 10",
                        "vtt": "https://movies.solargentinotv.com.ar/assets/media/reite666-episode-plyr-thumbnails/t2/e10/thumbs.vtt"
                    },
                    {
                        "number": 11,
                        "title": "Episodio 11",
                        "vtt": "https://movies.solargentinotv.com.ar/assets/media/reite666-episode-plyr-thumbnails/t2/e11/thumbs.vtt"
                    },
                    {
                        "number": 12,
                        "title": "Episodio 12",
                        "vtt": "https://movies.solargentinotv.com.ar/assets/media/reite666-episode-plyr-thumbnails/t2/e12/thumbs.vtt"
                    },
                    {
                        "number": 13,
                        "title": "Episodio 13",
                        "vtt": "https://movies.solargentinotv.com.ar/assets/media/reite666-episode-plyr-thumbnails/t2/e13/thumbs.vtt"
                    },
                    {
                        "number": 14,
                        "title": "Episodio 14",
                        "vtt": "https://movies.solargentinotv.com.ar/assets/media/reite666-episode-plyr-thumbnails/t2/e14/thumbs.vtt"
                    },
                    {
                        "number": 15,
                        "title": "Episodio 15",
                        "vtt": "https://movies.solargentinotv.com.ar/assets/media/reite666-episode-plyr-thumbnails/t2/e15/thumbs.vtt"
                    },
                    {
                        "number": 16,
                        "title": "Episodio 16",
                        "vtt": "https://movies.solargentinotv.com.ar/assets/media/reite666-episode-plyr-thumbnails/t2/e16/thumbs.vtt"
                    },
                    {
                        "number": 17,
                        "title": "Episodio 17",
                        "vtt": "https://movies.solargentinotv.com.ar/assets/media/reite666-episode-plyr-thumbnails/t2/e17/thumbs.vtt"
                    },
                    {
                        "number": 18,
                        "title": "Episodio 18",
                        "vtt": "https://movies.solargentinotv.com.ar/assets/media/reite666-episode-plyr-thumbnails/t2/e18/thumbs.vtt"
                    },
                    {
                        "number": 19,
                        "title": "Episodio 19",
                        "vtt": "https://movies.solargentinotv.com.ar/assets/media/reite666-episode-plyr-thumbnails/t2/e19/thumbs.vtt"
                    },
                    {
                        "number": 20,
                        "title": "Episodio 20",
                        "vtt": "https://movies.solargentinotv.com.ar/assets/media/reite666-episode-plyr-thumbnails/t2/e20/thumbs.vtt"
                    },
                    {
                        "number": 21,
                        "title": "Episodio 21",
                        "vtt": "https://movies.solargentinotv.com.ar/assets/media/reite666-episode-plyr-thumbnails/t2/e21/thumbs.vtt"
                    },
                    {
                        "number": 22,
                        "title": "Episodio 22",
                        "vtt": "https://movies.solargentinotv.com.ar/assets/media/reite666-episode-plyr-thumbnails/t2/e22/thumbs.vtt"
                    },
                    {
                        "number": 23,
                        "title": "Episodio 23",
                        "vtt": "https://movies.solargentinotv.com.ar/assets/media/reite666-episode-plyr-thumbnails/t2/e23/thumbs.vtt"
                    },
                    {
                        "number": 24,
                        "title": "Episodio 24",
                        "vtt": "https://movies.solargentinotv.com.ar/assets/media/reite666-episode-plyr-thumbnails/t2/e24/thumbs.vtt"
                    },
                    {
                        "number": 25,
                        "title": "Episodio 25",
                        "vtt": "https://movies.solargentinotv.com.ar/assets/media/reite666-episode-plyr-thumbnails/t2/e25/thumbs.vtt"
                    }
                ]
            }
        ]
    },
    "nivelx": {
        "id": "nivelx",
        "seasons": [
            {
                "id": "1",
                "name": "Temporada 1",
                "episodes": [
                    {
                        "number": 1,
                        "title": "Episodio 1",
                        "vtt": "https://movies.solargentinotv.com.ar/assets/media/nivelxmarito-episode-thumbnails/t1/e1/thumbs.vtt"
                    },
                    {
                        "number": 2,
                        "title": "Episodio 2",
                        "vtt": "https://movies.solargentinotv.com.ar/assets/media/nivelxmarito-episode-thumbnails/t1/e2/thumbs.vtt"
                    },
                    {
                        "number": 3,
                        "title": "Episodio 3",
                        "vtt": "https://movies.solargentinotv.com.ar/assets/media/nivelxmarito-episode-thumbnails/t1/e3/thumbs.vtt"
                    },
                    {
                        "number": 4,
                        "title": "Episodio 4",
                        "vtt": "https://movies.solargentinotv.com.ar/assets/media/nivelxmarito-episode-thumbnails/t1/e4/thumbs.vtt"
                    },
                    {
                        "number": 5,
                        "title": "Episodio 5",
                        "vtt": "https://movies.solargentinotv.com.ar/assets/media/nivelxmarito-episode-thumbnails/t1/e5/thumbs.vtt"
                    },
                    {
                        "number": 6,
                        "title": "Episodio 6",
                        "vtt": "https://movies.solargentinotv.com.ar/assets/media/nivelxmarito-episode-thumbnails/t1/e6/thumbs.vtt"
                    },
                    {
                        "number": 7,
                        "title": "Episodio 7",
                        "vtt": "https://movies.solargentinotv.com.ar/assets/media/nivelxmarito-episode-thumbnails/t1/e7/thumbs.vtt"
                    },
                    {
                        "number": 8,
                        "title": "Episodio 8",
                        "vtt": "https://movies.solargentinotv.com.ar/assets/media/nivelxmarito-episode-thumbnails/t1/e8/thumbs.vtt"
                    },
                    {
                        "number": 9,
                        "title": "Episodio 9",
                        "vtt": "https://movies.solargentinotv.com.ar/assets/media/nivelxmarito-episode-thumbnails/t1/e9/thumbs.vtt"
                    },
                    {
                        "number": 10,
                        "title": "Episodio 10",
                        "vtt": "https://movies.solargentinotv.com.ar/assets/media/nivelxmarito-episode-thumbnails/t1/e10/thumbs.vtt"
                    },
                    {
                        "number": 11,
                        "title": "Episodio 11",
                        "vtt": "https://movies.solargentinotv.com.ar/assets/media/nivelxmarito-episode-thumbnails/t1/e11/thumbs.vtt"
                    },
                    {
                        "number": 12,
                        "title": "Episodio 12",
                        "vtt": "https://movies.solargentinotv.com.ar/assets/media/nivelxmarito-episode-thumbnails/t1/e12/thumbs.vtt"
                    },
                    {
                        "number": 13,
                        "title": "Episodio 13",
                        "vtt": "https://movies.solargentinotv.com.ar/assets/media/nivelxmarito-episode-thumbnails/t1/e13/thumbs.vtt"
                    },
                    {
                        "number": 14,
                        "title": "Episodio 14",
                        "vtt": "https://movies.solargentinotv.com.ar/assets/media/nivelxmarito-episode-thumbnails/t1/e14/thumbs.vtt"
                    },
                    {
                        "number": 15,
                        "title": "Episodio 15",
                        "vtt": "https://movies.solargentinotv.com.ar/assets/media/nivelxmarito-episode-thumbnails/t1/e15/thumbs.vtt"
                    },
                    {
                        "number": 16,
                        "title": "Episodio 16",
                        "vtt": "https://movies.solargentinotv.com.ar/assets/media/nivelxmarito-episode-thumbnails/t1/e16/thumbs.vtt"
                    },
                    {
                        "number": 17,
                        "title": "Episodio 17",
                        "vtt": "https://movies.solargentinotv.com.ar/assets/media/nivelxmarito-episode-thumbnails/t1/e17/thumbs.vtt"
                    },
                    {
                        "number": 18,
                        "title": "Episodio 18",
                        "vtt": "https://movies.solargentinotv.com.ar/assets/media/nivelxmarito-episode-thumbnails/t1/e18/thumbs.vtt"
                    },
                    {
                        "number": 19,
                        "title": "Episodio 19",
                        "vtt": "https://movies.solargentinotv.com.ar/assets/media/nivelxmarito-episode-thumbnails/t1/e19/thumbs.vtt"
                    },
                    {
                        "number": 20,
                        "title": "Episodio 20",
                        "vtt": "https://movies.solargentinotv.com.ar/assets/media/nivelxmarito-episode-thumbnails/t1/e20/thumbs.vtt"
                    },
                    {
                        "number": 21,
                        "title": "Episodio 21",
                        "vtt": "https://movies.solargentinotv.com.ar/assets/media/nivelxmarito-episode-thumbnails/t1/e21/thumbs.vtt"
                    },
                    {
                        "number": 22,
                        "title": "Episodio 22",
                        "vtt": "https://movies.solargentinotv.com.ar/assets/media/nivelxmarito-episode-thumbnails/t1/e22/thumbs.vtt"
                    },
                    {
                        "number": 23,
                        "title": "Episodio 23",
                        "vtt": "https://movies.solargentinotv.com.ar/assets/media/nivelxmarito-episode-thumbnails/t1/e23/thumbs.vtt"
                    },
                    {
                        "number": 24,
                        "title": "Episodio 24",
                        "vtt": "https://movies.solargentinotv.com.ar/assets/media/nivelxmarito-episode-thumbnails/t1/e24/thumbs.vtt"
                    },
                    {
                        "number": 25,
                        "title": "Episodio 25",
                        "vtt": "https://movies.solargentinotv.com.ar/assets/media/nivelxmarito-episode-thumbnails/t1/e25/thumbs.vtt"
                    },
                    {
                        "number": 26,
                        "title": "Episodio 26",
                        "vtt": "https://movies.solargentinotv.com.ar/assets/media/nivelxmarito-episode-thumbnails/t1/e26/thumbs.vtt"
                    },
                    {
                        "number": 27,
                        "title": "Episodio 27",
                        "vtt": "https://movies.solargentinotv.com.ar/assets/media/nivelxmarito-episode-thumbnails/t1/e27/thumbs.vtt"
                    },
                    {
                        "number": 28,
                        "title": "Episodio 28",
                        "vtt": "https://movies.solargentinotv.com.ar/assets/media/nivelxmarito-episode-thumbnails/t1/e28/thumbs.vtt"
                    },
                    {
                        "number": 29,
                        "title": "Episodio 29",
                        "vtt": "https://movies.solargentinotv.com.ar/assets/media/nivelxmarito-episode-thumbnails/t1/e29/thumbs.vtt"
                    }
                ]
            },
            {
                "id": "2",
                "name": "Temporada 2",
                "episodes": [
                    {
                        "number": 1,
                        "title": "Episodio 1",
                        "vtt": "https://movies.solargentinotv.com.ar/assets/media/nivelxmarito-episode-thumbnails/t2/e1/thumbs.vtt"
                    },
                    {
                        "number": 2,
                        "title": "Episodio 2",
                        "vtt": "https://movies.solargentinotv.com.ar/assets/media/nivelxmarito-episode-thumbnails/t2/e2/thumbs.vtt"
                    },
                    {
                        "number": 3,
                        "title": "Episodio 3",
                        "vtt": "https://movies.solargentinotv.com.ar/assets/media/nivelxmarito-episode-thumbnails/t2/e3/thumbs.vtt"
                    }
                ]
            }
        ]
    },
    "app": {
        "id": "app",
        "seasons": [
            {
                "id": "1",
                "name": "Temporada 1",
                "episodes": [
                    {
                        "number": 1,
                        "title": "Episodio 1",
                        "vtt": "https://movies.solargentinotv.com.ar/assets/media/app-episode-thumbnails/t1/e1/thumbs.vtt"
                    },
                    {
                        "number": 2,
                        "title": "Episodio 2",
                        "vtt": "https://movies.solargentinotv.com.ar/assets/media/app-episode-thumbnails/t1/e2/thumbs.vtt"
                    },
                    {
                        "number": 3,
                        "title": "Episodio 3",
                        "vtt": "https://movies.solargentinotv.com.ar/assets/media/app-episode-thumbnails/t1/e3/thumbs.vtt"
                    },
                    {
                        "number": 4,
                        "title": "Episodio 4",
                        "vtt": "https://movies.solargentinotv.com.ar/assets/media/app-episode-thumbnails/t1/e4/thumbs.vtt"
                    },
                    {
                        "number": 5,
                        "title": "Episodio 5",
                        "vtt": "https://movies.solargentinotv.com.ar/assets/media/app-episode-thumbnails/t1/e5/thumbs.vtt"
                    },
                    {
                        "number": 6,
                        "title": "Episodio 6",
                        "vtt": "https://movies.solargentinotv.com.ar/assets/media/app-episode-thumbnails/t1/e6/thumbs.vtt"
                    }
                ]
            }
        ]
    }
}